email,endpoint,device,created_at
cbodechon0@arstechnica.com,movies_all,desktop,2020-05-03T04:10:23.000Z
gkenney1@hexun.com,movies_delete,tv,2020-04-06T03:34:41.000Z
lmorby2@com.com,movies_update,car,2020-05-30T10:06:53.000Z
mesherwood3@xinhuanet.com,movies_update,tablet,2020-05-10T21:22:29.000Z
dlelievre4@plala.or.jp,movies_update,phone,2020-04-06T08:01:11.000Z
oholbie5@nasa.gov,movies_get,tablet,2020-05-06T17:06:06.000Z
rsiddaley6@oakley.com,movies_update,tablet,2020-05-21T03:35:31.000Z
lbentje7@noaa.gov,movies_update,car,2020-04-13T20:38:04.000Z
ocunnell8@cornell.edu,movies_delete,tablet,2020-05-29T14:43:17.000Z
gbenardette9@princeton.edu,movies_all,tv,2020-04-28T18:47:38.000Z
tduiguida@cargocollective.com,movies_get,desktop,2020-05-12T22:17:06.000Z
gderellb@pinterest.com,movies_all,phone,2020-05-23T11:04:46.000Z
vlimeburnerc@i2i.jp,movies_count,car,2020-05-06T16:27:11.000Z
htomasonid@washingtonpost.com,movies_all,tv,2020-04-07T04:53:16.000Z
gcursone@163.com,movies_delete,tablet,2020-04-15T10:13:36.000Z
dissattf@xinhuanet.com,movies_get,tv,2020-05-27T03:34:46.000Z
eivattg@icq.com,movies_delete,car,2020-04-29T08:03:21.000Z
maviesonh@domainmarket.com,movies_count,bot,2020-04-28T08:49:11.000Z
pcubbinii@tinypic.com,movies_add,bot,2020-04-09T15:03:51.000Z
pnewberryj@dyndns.org,movies_count,desktop,2020-05-30T02:17:46.000Z
nidiensk@ft.com,movies_all,car,2020-04-20T08:50:41.000Z
smcmeekingl@ebay.co.uk,movies_all,car,2020-05-28T02:04:47.000Z
karchanbaultm@blogs.com,movies_get,tv,2020-05-25T14:29:58.000Z
bshearan@noaa.gov,movies_update,tv,2020-05-28T00:24:59.000Z
acromero@wsj.com,movies_update,tablet,2020-04-05T09:58:24.000Z
zormep@github.com,movies_all,tablet,2020-05-05T06:11:09.000Z
bburkhillq@unicef.org,movies_delete,tablet,2020-04-27T16:00:39.000Z
rjermeyr@nih.gov,movies_all,phone,2020-04-27T11:43:59.000Z
nhilliams@over-blog.com,movies_all,bot,2020-04-13T00:44:31.000Z
sridest@bing.com,movies_count,tablet,2020-04-10T05:18:23.000Z
kdecortu@nba.com,movies_add,desktop,2020-05-20T05:50:31.000Z
ewhiskerv@nifty.com,movies_all,phone,2020-05-20T05:18:14.000Z
hgoodingw@netvibes.com,movies_count,car,2020-05-18T02:43:35.000Z
dbaxstarx@liveinternet.ru,movies_all,phone,2020-05-30T23:03:55.000Z
gmaleneyy@fastcompany.com,movies_all,car,2020-04-10T07:00:12.000Z
gsauvagez@reference.com,movies_get,bot,2020-05-24T19:22:04.000Z
ocaulcott10@mozilla.com,movies_delete,tv,2020-05-14T08:39:14.000Z
camanger11@mtv.com,movies_get,bot,2020-04-15T14:04:46.000Z
iheisler12@domainmarket.com,movies_add,desktop,2020-04-19T19:18:29.000Z
gstooke13@123-reg.co.uk,movies_all,bot,2020-04-30T06:55:40.000Z
imeekin14@yale.edu,movies_count,car,2020-05-12T19:23:13.000Z
aemmett15@washingtonpost.com,movies_all,phone,2020-05-25T13:48:03.000Z
nrodenborch16@soundcloud.com,movies_update,phone,2020-04-02T11:27:48.000Z
dlaverick17@example.com,movies_get,phone,2020-04-17T14:34:27.000Z
iwoltering18@netscape.com,movies_get,bot,2020-04-20T17:11:13.000Z
rbragger19@berkeley.edu,movies_count,phone,2020-04-18T05:55:11.000Z
rbaudins1a@mozilla.org,movies_add,tablet,2020-04-11T03:15:14.000Z
sbuessen1b@epa.gov,movies_add,tablet,2020-05-04T22:11:01.000Z
lhalsey1c@1und1.de,movies_all,tv,2020-05-20T07:58:57.000Z
akarby1d@reference.com,movies_all,tv,2020-05-16T03:45:03.000Z
akahane1e@goo.ne.jp,movies_get,car,2020-05-14T17:30:13.000Z
lgrimmolby1f@aboutads.info,movies_count,bot,2020-05-23T22:36:13.000Z
ygrivori1g@blogs.com,movies_add,tablet,2020-05-14T00:34:35.000Z
nmazzei1h@github.io,movies_add,tablet,2020-04-30T08:36:32.000Z
anewarte1i@chicagotribune.com,movies_all,desktop,2020-04-06T02:18:24.000Z
mmcnab1j@goodreads.com,movies_all,car,2020-04-22T20:35:16.000Z
gyuille1k@over-blog.com,movies_add,desktop,2020-05-29T12:40:18.000Z
rsnasel1l@narod.ru,movies_count,tablet,2020-05-14T16:26:32.000Z
epyke1m@techcrunch.com,movies_all,tablet,2020-05-04T20:59:03.000Z
lhaywood1n@mozilla.com,movies_count,tv,2020-04-16T19:20:59.000Z
bdrains1o@prlog.org,movies_all,bot,2020-04-09T02:44:33.000Z
cvayne1p@nih.gov,movies_all,phone,2020-04-01T22:19:56.000Z
jmorecomb1q@washington.edu,movies_delete,car,2020-05-15T09:16:18.000Z
vriply1r@com.com,movies_count,bot,2020-04-03T15:46:55.000Z
dfontanet1s@oakley.com,movies_add,tablet,2020-04-24T20:18:28.000Z
lchristescu1t@tripod.com,movies_get,bot,2020-04-13T02:59:58.000Z
slampitt1u@ft.com,movies_get,phone,2020-05-17T23:46:47.000Z
ioliveira1v@phoca.cz,movies_update,tv,2020-04-12T16:10:40.000Z
fgrassick1w@github.io,movies_all,tablet,2020-05-24T19:40:18.000Z
kalthorp1x@dell.com,movies_count,tablet,2020-04-01T06:01:16.000Z
hbarday1y@nsw.gov.au,movies_delete,phone,2020-05-24T08:04:37.000Z
rbeauman1z@rediff.com,movies_get,bot,2020-04-09T00:54:41.000Z
hguerrin20@lycos.com,movies_delete,tablet,2020-05-03T19:53:41.000Z
ssieve21@ask.com,movies_add,bot,2020-05-24T22:50:41.000Z
gtheze22@flavors.me,movies_update,phone,2020-05-04T12:10:29.000Z
gjozwiak23@engadget.com,movies_update,car,2020-05-07T06:50:00.000Z
omacgeaney24@ovh.net,movies_count,tv,2020-04-06T21:07:27.000Z
zwortt25@bizjournals.com,movies_delete,tablet,2020-05-13T12:13:25.000Z
bcalver26@list-manage.com,movies_count,desktop,2020-04-17T17:44:51.000Z
pburnard27@timesonline.co.uk,movies_update,tv,2020-05-04T17:22:03.000Z
schaplyn28@yale.edu,movies_get,tv,2020-05-21T15:04:36.000Z
dtricker29@wisc.edu,movies_delete,desktop,2020-05-20T19:17:56.000Z
chaines2a@fotki.com,movies_delete,desktop,2020-05-30T17:31:32.000Z
jsate2b@fastcompany.com,movies_get,tv,2020-05-01T05:11:41.000Z
oweitzel2c@msu.edu,movies_count,tablet,2020-05-02T07:48:54.000Z
bokennavain2d@walmart.com,movies_update,car,2020-05-18T15:03:19.000Z
sdoumer2e@mit.edu,movies_all,bot,2020-04-11T03:12:06.000Z
rlethbrig2f@vk.com,movies_delete,tablet,2020-05-27T19:21:55.000Z
csehorsch2g@google.ru,movies_get,car,2020-04-08T00:30:28.000Z
vpetrolli2h@blogger.com,movies_update,phone,2020-05-22T02:30:11.000Z
ggladstone2i@ebay.com,movies_update,phone,2020-05-20T16:23:14.000Z
mkincade2j@google.co.uk,movies_all,phone,2020-04-22T14:38:04.000Z
bhowerd2k@gov.uk,movies_count,phone,2020-05-11T02:35:16.000Z
tpadula2l@furl.net,movies_count,tv,2020-05-02T13:58:29.000Z
cschulkins2m@ask.com,movies_update,bot,2020-05-28T13:45:44.000Z
ifloodgate2n@sogou.com,movies_add,phone,2020-04-29T08:01:23.000Z
kgreer2o@ovh.net,movies_get,desktop,2020-05-20T07:28:45.000Z
itrewman2p@fc2.com,movies_get,tablet,2020-05-25T04:17:32.000Z
svasyaev2q@foxnews.com,movies_delete,car,2020-04-30T06:55:06.000Z
scozins2r@buzzfeed.com,movies_count,car,2020-05-08T01:07:00.000Z
mskidmore2s@spiegel.de,movies_get,tablet,2020-05-07T05:05:20.000Z
nrentz2t@cargocollective.com,movies_update,tablet,2020-05-21T22:05:08.000Z
ejuszkiewicz2u@virginia.edu,movies_update,phone,2020-05-17T19:40:31.000Z
lloghan2v@odnoklassniki.ru,movies_delete,desktop,2020-05-23T13:23:02.000Z
sturville2w@opera.com,movies_count,phone,2020-05-19T05:19:25.000Z
bdivisek2x@hexun.com,movies_update,phone,2020-05-11T15:48:31.000Z
aholcroft2y@dmoz.org,movies_get,phone,2020-05-18T00:33:55.000Z
eemmins2z@hao123.com,movies_delete,car,2020-05-25T11:35:08.000Z
hmulvihill30@msn.com,movies_update,desktop,2020-05-28T01:36:36.000Z
mcrichley31@weebly.com,movies_add,tablet,2020-04-20T17:23:11.000Z
dgrizard32@soundcloud.com,movies_count,phone,2020-05-12T15:49:54.000Z
sloadsman33@clickbank.net,movies_update,tablet,2020-05-06T05:19:27.000Z
eocurrane34@t-online.de,movies_update,bot,2020-04-16T12:20:13.000Z
cmalham35@ted.com,movies_all,tv,2020-04-11T15:16:07.000Z
sivons36@vimeo.com,movies_all,tv,2020-05-26T09:28:22.000Z
bberetta37@miitbeian.gov.cn,movies_add,car,2020-05-22T00:51:01.000Z
aferrea38@hud.gov,movies_update,tablet,2020-04-08T22:07:38.000Z
sniesegen39@oakley.com,movies_delete,desktop,2020-05-23T00:05:06.000Z
alinkleter3a@imageshack.us,movies_update,tablet,2020-04-20T01:53:59.000Z
ngummory3b@sfgate.com,movies_update,tv,2020-04-18T23:03:32.000Z
jcoulthard3c@fc2.com,movies_all,phone,2020-04-09T05:27:15.000Z
dwitch3d@trellian.com,movies_add,phone,2020-05-03T17:00:08.000Z
rdicte3e@scribd.com,movies_all,car,2020-05-09T18:58:19.000Z
njaan3f@howstuffworks.com,movies_count,bot,2020-04-04T08:17:33.000Z
rjewise3g@cnn.com,movies_add,tablet,2020-05-11T14:28:56.000Z
aditty3h@linkedin.com,movies_delete,tablet,2020-05-04T21:51:15.000Z
eturban3i@howstuffworks.com,movies_delete,tablet,2020-05-16T07:15:18.000Z
kfogt3j@51.la,movies_delete,phone,2020-04-08T06:50:40.000Z
rlavigne3k@princeton.edu,movies_add,tv,2020-05-01T05:07:25.000Z
tdemattei3l@rakuten.co.jp,movies_add,bot,2020-05-02T20:12:31.000Z
bpursglove3m@indiatimes.com,movies_all,car,2020-05-29T23:32:02.000Z
asouster3n@slideshare.net,movies_count,tv,2020-05-10T16:44:58.000Z
atunna3o@cafepress.com,movies_add,car,2020-04-03T02:46:13.000Z
tbythell3p@guardian.co.uk,movies_count,car,2020-05-23T20:00:22.000Z
ivuitton3q@npr.org,movies_get,tablet,2020-05-25T13:47:14.000Z
cpettingill3r@mit.edu,movies_get,desktop,2020-05-27T14:14:52.000Z
etours3s@surveymonkey.com,movies_add,phone,2020-04-05T06:48:43.000Z
sozintsev3t@cbc.ca,movies_count,phone,2020-05-21T17:00:16.000Z
smathieson3u@comsenz.com,movies_get,tablet,2020-04-14T23:57:11.000Z
dkillby3v@engadget.com,movies_update,tablet,2020-04-04T09:22:41.000Z
mrhead3w@nydailynews.com,movies_all,tablet,2020-05-29T21:06:16.000Z
cflew3x@google.de,movies_count,car,2020-05-24T19:09:11.000Z
ceasterbrook3y@boston.com,movies_count,desktop,2020-05-24T10:32:38.000Z
rcrumpe3z@google.ca,movies_delete,bot,2020-04-28T06:16:06.000Z
ccowle40@studiopress.com,movies_all,tablet,2020-05-18T01:12:10.000Z
kroebottom41@weather.com,movies_get,car,2020-05-01T09:44:07.000Z
gdenizet42@bluehost.com,movies_add,tv,2020-04-28T00:05:40.000Z
rsketch43@biblegateway.com,movies_get,car,2020-04-02T23:28:32.000Z
nshakelade44@angelfire.com,movies_count,bot,2020-05-30T02:42:11.000Z
ifaill45@hp.com,movies_add,phone,2020-05-14T05:36:20.000Z
pebertz46@hp.com,movies_update,tablet,2020-05-06T12:01:09.000Z
tohern47@amazon.co.jp,movies_update,desktop,2020-05-25T23:26:27.000Z
awyleman48@nymag.com,movies_add,phone,2020-05-25T10:07:58.000Z
sblanque49@earthlink.net,movies_delete,desktop,2020-04-14T06:07:59.000Z
kfearfull4a@jugem.jp,movies_get,desktop,2020-05-26T20:32:42.000Z
abelbin4b@soundcloud.com,movies_count,bot,2020-05-08T00:18:31.000Z
okillner4c@miibeian.gov.cn,movies_count,tv,2020-04-24T03:28:33.000Z
oshortell4d@gizmodo.com,movies_delete,car,2020-04-20T14:57:09.000Z
uolenin4e@nasa.gov,movies_get,bot,2020-05-19T01:41:07.000Z
hvertigan4f@google.it,movies_update,car,2020-05-08T05:54:39.000Z
giremonger4g@cafepress.com,movies_delete,phone,2020-04-26T12:45:16.000Z
rcopeland4h@ftc.gov,movies_get,bot,2020-05-04T22:48:43.000Z
mraffles4i@theatlantic.com,movies_add,tablet,2020-04-06T23:55:38.000Z
zstockow4j@microsoft.com,movies_count,desktop,2020-04-04T10:20:37.000Z
cbossons4k@bizjournals.com,movies_add,desktop,2020-05-29T09:25:36.000Z
cbreffitt4l@gravatar.com,movies_get,bot,2020-05-16T02:48:20.000Z
cmathouse4m@oaic.gov.au,movies_get,desktop,2020-05-19T11:06:36.000Z
wseakings4n@columbia.edu,movies_all,desktop,2020-04-04T04:55:39.000Z
rhasson4o@google.pl,movies_count,desktop,2020-05-14T05:23:03.000Z
mlatchford4p@wunderground.com,movies_count,tablet,2020-05-04T06:26:39.000Z
scaplis4q@tamu.edu,movies_count,phone,2020-05-27T18:54:55.000Z
tcrowthe4r@nymag.com,movies_add,bot,2020-05-29T23:50:50.000Z
ckevlin4s@oracle.com,movies_delete,desktop,2020-05-03T09:29:09.000Z
mvasishchev4t@bluehost.com,movies_count,phone,2020-04-27T07:56:04.000Z
mmcdonnell4u@state.gov,movies_get,car,2020-05-14T07:14:05.000Z
kcrichmere4v@wordpress.org,movies_delete,car,2020-04-26T06:10:12.000Z
cmiko4w@europa.eu,movies_add,car,2020-05-28T05:28:37.000Z
evockins4x@ftc.gov,movies_count,phone,2020-05-11T20:06:38.000Z
amcmillian4y@google.cn,movies_delete,tv,2020-04-08T18:56:04.000Z
mgerish4z@jugem.jp,movies_delete,desktop,2020-04-01T13:34:51.000Z
shollyard50@slideshare.net,movies_count,phone,2020-05-05T02:24:54.000Z
dstraughan51@naver.com,movies_add,car,2020-04-22T06:23:38.000Z
tmastrantone52@linkedin.com,movies_update,bot,2020-05-25T13:26:27.000Z
tbiaggioni53@redcross.org,movies_count,phone,2020-04-08T19:42:36.000Z
pnairn54@businessweek.com,movies_all,phone,2020-04-24T07:27:35.000Z
mmacvaugh55@taobao.com,movies_count,car,2020-04-21T02:03:00.000Z
ckittless56@quantcast.com,movies_add,tablet,2020-04-27T11:27:49.000Z
klourenco57@flavors.me,movies_update,tv,2020-05-18T23:04:51.000Z
tduplock58@youtu.be,movies_update,bot,2020-05-18T02:09:56.000Z
estorch59@columbia.edu,movies_add,car,2020-05-24T01:43:48.000Z
sstearnes5a@webs.com,movies_get,bot,2020-04-03T11:51:58.000Z
arosel5b@npr.org,movies_add,tablet,2020-04-19T12:55:22.000Z
bcamerello5c@unblog.fr,movies_get,car,2020-04-16T18:20:02.000Z
rstayt5d@indiatimes.com,movies_delete,desktop,2020-05-21T03:55:02.000Z
rlismer5e@wikispaces.com,movies_count,tablet,2020-05-13T01:28:18.000Z
eboulter5f@com.com,movies_all,phone,2020-05-20T21:50:37.000Z
jhocking5g@google.com.au,movies_get,tablet,2020-05-18T14:55:36.000Z
dheckner5h@ameblo.jp,movies_all,tablet,2020-05-28T11:12:54.000Z
gluke5i@msu.edu,movies_add,bot,2020-04-14T06:05:52.000Z
fwanklyn5j@geocities.jp,movies_get,car,2020-04-11T16:59:04.000Z
jmcleish5k@symantec.com,movies_add,tablet,2020-04-14T23:27:48.000Z
pdungay5l@ow.ly,movies_all,phone,2020-04-21T01:25:17.000Z
ttschirschky5m@ft.com,movies_delete,tablet,2020-04-10T07:37:57.000Z
aberthouloume5n@oaic.gov.au,movies_delete,phone,2020-05-24T12:07:43.000Z
dmaysor5o@w3.org,movies_delete,tablet,2020-05-24T13:09:05.000Z
ypibworth5p@prweb.com,movies_delete,tablet,2020-04-18T05:54:46.000Z
dnussii5q@scribd.com,movies_get,desktop,2020-04-18T09:23:06.000Z
mtrayford5r@mtv.com,movies_add,tablet,2020-05-15T10:34:20.000Z
ftythacott5s@paypal.com,movies_add,phone,2020-04-13T19:51:06.000Z
bswadlinge5t@photobucket.com,movies_add,tv,2020-05-12T04:39:01.000Z
lswaysland5u@skyrock.com,movies_all,car,2020-05-20T17:48:21.000Z
jlamborn5v@elegantthemes.com,movies_add,tablet,2020-05-25T13:08:04.000Z
tchalk5w@imdb.com,movies_add,desktop,2020-04-24T18:05:06.000Z
kgrinnell5x@lycos.com,movies_all,bot,2020-04-27T16:10:49.000Z
lkyles5y@illinois.edu,movies_update,car,2020-05-27T09:15:42.000Z
tgadaud5z@google.nl,movies_count,bot,2020-05-03T19:02:11.000Z
askipperbottom60@bizjournals.com,movies_update,phone,2020-04-15T03:46:08.000Z
usallings61@trellian.com,movies_update,car,2020-04-13T21:00:11.000Z
hcawte62@friendfeed.com,movies_all,bot,2020-05-19T09:49:35.000Z
bspinks63@businessinsider.com,movies_all,desktop,2020-05-25T08:59:30.000Z
chugnot64@redcross.org,movies_count,tv,2020-05-06T22:46:24.000Z
cdmitrienko65@homestead.com,movies_add,phone,2020-05-16T04:13:13.000Z
dpunch66@tinypic.com,movies_get,phone,2020-04-18T17:10:39.000Z
jgrant67@creativecommons.org,movies_delete,phone,2020-05-11T09:23:53.000Z
mmainz68@jimdo.com,movies_add,bot,2020-04-01T09:37:34.000Z
gflaws69@desdev.cn,movies_all,tablet,2020-04-22T09:29:25.000Z
jvanbruggen6a@epa.gov,movies_all,car,2020-05-06T09:11:06.000Z
rcaisley6b@comsenz.com,movies_add,bot,2020-05-28T06:04:50.000Z
ebravery6c@cornell.edu,movies_add,bot,2020-05-05T17:38:46.000Z
dpedder6d@slideshare.net,movies_add,phone,2020-05-25T22:07:46.000Z
tmcskeagan6e@utexas.edu,movies_all,car,2020-04-13T09:36:01.000Z
pdesantos6f@ed.gov,movies_count,desktop,2020-05-02T17:21:19.000Z
bakers6g@bbb.org,movies_all,bot,2020-04-20T16:21:01.000Z
bjorck6h@businessinsider.com,movies_all,tablet,2020-04-05T00:39:57.000Z
ncamillo6i@oracle.com,movies_add,bot,2020-05-11T11:39:17.000Z
keckly6j@odnoklassniki.ru,movies_all,tablet,2020-04-01T19:55:33.000Z
pduck6k@sciencedirect.com,movies_delete,car,2020-04-23T23:49:47.000Z
aparncutt6l@jiathis.com,movies_add,bot,2020-05-12T09:37:53.000Z
apinilla6m@ezinearticles.com,movies_add,desktop,2020-05-21T16:58:20.000Z
pgude6n@linkedin.com,movies_update,car,2020-04-01T08:33:02.000Z
emoller6o@amazon.com,movies_get,desktop,2020-05-29T16:44:21.000Z
olambourne6p@wix.com,movies_update,phone,2020-05-26T09:58:50.000Z
plapworth6q@latimes.com,movies_add,phone,2020-04-25T20:33:26.000Z
mjellard6r@ft.com,movies_count,bot,2020-04-19T01:47:01.000Z
wkerrigan6s@drupal.org,movies_update,tablet,2020-05-26T01:39:17.000Z
alafoy6t@topsy.com,movies_update,desktop,2020-04-07T23:18:03.000Z
asugars6u@360.cn,movies_get,bot,2020-05-15T15:35:05.000Z
dlamyman6v@altervista.org,movies_get,phone,2020-05-07T23:45:44.000Z
bfusco6w@mail.ru,movies_delete,tablet,2020-05-27T19:53:11.000Z
callridge6x@bluehost.com,movies_all,tablet,2020-04-03T11:16:20.000Z
mstidworthy6y@macromedia.com,movies_count,bot,2020-05-11T20:15:23.000Z
dreay6z@hexun.com,movies_count,desktop,2020-04-14T17:59:56.000Z
ggwyer70@geocities.com,movies_get,bot,2020-04-18T20:42:17.000Z
mjuleff71@zdnet.com,movies_add,car,2020-04-05T05:20:05.000Z
searney72@woothemes.com,movies_get,phone,2020-04-21T12:05:44.000Z
pcook73@youtube.com,movies_update,desktop,2020-05-22T05:58:07.000Z
ldavenhill74@bandcamp.com,movies_get,desktop,2020-04-16T09:42:59.000Z
epratten75@wired.com,movies_add,tv,2020-04-16T03:56:28.000Z
alomasna76@people.com.cn,movies_add,tablet,2020-04-03T13:48:28.000Z
adorsett77@auda.org.au,movies_all,bot,2020-04-03T08:41:31.000Z
kbendixen78@icq.com,movies_count,tv,2020-04-27T11:42:18.000Z
aduckerin79@scientificamerican.com,movies_count,desktop,2020-04-27T01:16:14.000Z
scoe7a@plala.or.jp,movies_update,bot,2020-04-03T09:23:00.000Z
dsievewright7b@answers.com,movies_update,bot,2020-04-23T04:47:47.000Z
hkrimmer7c@chicagotribune.com,movies_add,car,2020-04-12T02:35:23.000Z
eplett7d@ameblo.jp,movies_add,bot,2020-05-30T08:30:34.000Z
ijoplin7e@is.gd,movies_update,tv,2020-04-07T07:49:59.000Z
schastan7f@google.it,movies_all,tablet,2020-04-11T21:40:23.000Z
tperllman7g@taobao.com,movies_count,car,2020-04-01T19:57:56.000Z
rpayler7h@soup.io,movies_count,car,2020-05-09T12:58:13.000Z
lshowl7i@dedecms.com,movies_get,bot,2020-04-23T19:21:39.000Z
pnerney7j@umich.edu,movies_delete,car,2020-04-03T18:08:55.000Z
gsmidmor7k@dagondesign.com,movies_all,tablet,2020-04-09T02:26:46.000Z
aseely7l@about.com,movies_get,phone,2020-04-10T02:15:53.000Z
bgilder7m@npr.org,movies_get,bot,2020-04-22T12:47:41.000Z
pdobrovolski7n@flavors.me,movies_count,tablet,2020-05-07T08:29:45.000Z
hmcmenamy7o@tripadvisor.com,movies_all,car,2020-05-04T14:42:47.000Z
bundrell7p@tiny.cc,movies_count,tablet,2020-04-06T18:56:21.000Z
pbitchener7q@yale.edu,movies_get,tablet,2020-04-07T16:17:07.000Z
kdurden7r@harvard.edu,movies_get,car,2020-04-19T01:10:09.000Z
llissett7s@usgs.gov,movies_all,phone,2020-04-09T12:26:05.000Z
lkitcherside7t@phoca.cz,movies_count,tv,2020-04-03T17:16:35.000Z
gmctrustey7u@arizona.edu,movies_get,car,2020-04-11T22:36:50.000Z
ckornilov7v@360.cn,movies_get,tablet,2020-05-02T03:14:28.000Z
rchiechio7w@google.pl,movies_update,tv,2020-04-10T04:09:42.000Z
fmunt7x@nifty.com,movies_delete,tv,2020-04-06T20:26:06.000Z
brawstorne7y@cloudflare.com,movies_delete,phone,2020-05-03T14:00:37.000Z
ekristiansen7z@lycos.com,movies_add,phone,2020-05-24T07:55:47.000Z
jganford80@wisc.edu,movies_get,tablet,2020-05-29T22:51:17.000Z
chilldrop81@fastcompany.com,movies_add,car,2020-04-27T12:12:39.000Z
hdrewet82@yellowbook.com,movies_delete,car,2020-04-02T05:12:48.000Z
emacey83@last.fm,movies_count,tablet,2020-04-14T03:56:35.000Z
bkeppel84@amazon.de,movies_get,bot,2020-04-08T08:02:01.000Z
bclyburn85@pinterest.com,movies_delete,phone,2020-05-02T15:14:40.000Z
mdegenhardt86@businessweek.com,movies_count,bot,2020-04-03T03:22:52.000Z
bhaslen87@lulu.com,movies_add,tv,2020-05-12T12:59:56.000Z
ddike88@aol.com,movies_add,desktop,2020-05-13T01:41:42.000Z
lsmallcombe89@arizona.edu,movies_all,tv,2020-05-12T16:10:51.000Z
dcapun8a@princeton.edu,movies_get,car,2020-05-27T18:06:06.000Z
rshaxby8b@storify.com,movies_all,tv,2020-04-20T00:24:00.000Z
bbennett8c@twitpic.com,movies_get,phone,2020-04-15T06:41:32.000Z
vdannehl8d@scribd.com,movies_get,car,2020-05-23T00:33:28.000Z
spelman8e@bluehost.com,movies_count,bot,2020-04-26T09:56:35.000Z
amurton8f@google.ca,movies_add,desktop,2020-05-06T11:32:03.000Z
khimsworth8g@ameblo.jp,movies_add,tv,2020-04-20T20:03:42.000Z
msherburn8h@trellian.com,movies_all,car,2020-05-25T06:27:24.000Z
bjerdon8i@nationalgeographic.com,movies_count,phone,2020-05-24T05:10:16.000Z
tivantyev8j@gnu.org,movies_add,phone,2020-05-21T17:20:37.000Z
bsaurin8k@jimdo.com,movies_all,phone,2020-05-30T09:25:20.000Z
mlavigne8l@icio.us,movies_all,bot,2020-05-10T03:12:08.000Z
rrenac8m@bizjournals.com,movies_get,bot,2020-05-16T15:51:09.000Z
ucarwithim8n@opera.com,movies_add,bot,2020-05-01T11:50:45.000Z
pbreche8o@ow.ly,movies_get,desktop,2020-04-10T16:16:20.000Z
mkopf8p@ovh.net,movies_delete,phone,2020-05-18T05:58:16.000Z
dcawston8q@odnoklassniki.ru,movies_delete,phone,2020-05-13T18:58:54.000Z
aorknay8r@msu.edu,movies_update,desktop,2020-05-21T18:34:15.000Z
kdudman8s@narod.ru,movies_add,tablet,2020-05-07T17:00:18.000Z
psonger8t@netlog.com,movies_update,tablet,2020-04-09T10:19:08.000Z
uvasic8u@oaic.gov.au,movies_get,car,2020-05-08T23:48:56.000Z
sartin8v@blogspot.com,movies_count,phone,2020-04-06T21:28:02.000Z
mgrigsby8w@woothemes.com,movies_all,tablet,2020-04-15T23:26:30.000Z
cmacneil8x@dailymotion.com,movies_add,phone,2020-04-27T15:16:18.000Z
clist8y@eepurl.com,movies_count,car,2020-05-30T08:06:28.000Z
cgaskamp8z@ask.com,movies_delete,phone,2020-04-29T11:34:10.000Z
cgethin90@prweb.com,movies_get,car,2020-05-21T15:10:17.000Z
aaldins91@dailymotion.com,movies_get,desktop,2020-04-14T18:07:17.000Z
swoffinden92@fda.gov,movies_add,tablet,2020-04-02T13:44:39.000Z
whasselby93@china.com.cn,movies_update,car,2020-05-05T05:08:08.000Z
nsigars94@jigsy.com,movies_get,car,2020-05-20T04:44:30.000Z
ceringey95@foxnews.com,movies_get,bot,2020-05-26T03:52:46.000Z
mtassel96@alexa.com,movies_delete,car,2020-05-26T09:52:36.000Z
cwelbelove97@webs.com,movies_add,phone,2020-04-06T08:50:26.000Z
hstreatley98@woothemes.com,movies_add,bot,2020-04-09T15:03:52.000Z
acogin99@seattletimes.com,movies_all,bot,2020-05-14T21:05:28.000Z
mmatysiak9a@umn.edu,movies_delete,desktop,2020-04-24T20:47:52.000Z
dpendleton9b@instagram.com,movies_all,tablet,2020-04-10T15:59:30.000Z
rklauer9c@thetimes.co.uk,movies_update,tv,2020-04-01T01:07:01.000Z
dblakey9d@foxnews.com,movies_add,bot,2020-05-10T08:06:58.000Z
rgudahy9e@gnu.org,movies_delete,tablet,2020-05-13T06:11:06.000Z
drobet9f@mapy.cz,movies_update,car,2020-05-07T17:27:25.000Z
elambis9g@spotify.com,movies_update,tablet,2020-05-14T23:43:14.000Z
ctroak9h@discovery.com,movies_delete,desktop,2020-04-22T15:55:48.000Z
mmcreidy9i@baidu.com,movies_count,desktop,2020-05-24T18:15:14.000Z
kcubuzzi9j@go.com,movies_update,tablet,2020-05-08T17:06:38.000Z
mpicknett9k@buzzfeed.com,movies_update,tablet,2020-05-18T14:24:35.000Z
tsallier9l@china.com.cn,movies_delete,car,2020-05-22T10:54:29.000Z
fpasterfield9m@tmall.com,movies_add,desktop,2020-05-13T23:56:48.000Z
cwhithorn9n@rambler.ru,movies_get,desktop,2020-04-06T00:22:32.000Z
yerdely9o@delicious.com,movies_all,tablet,2020-04-13T09:17:57.000Z
dfulks9p@washingtonpost.com,movies_delete,tv,2020-05-09T19:00:28.000Z
csleford9q@telegraph.co.uk,movies_count,desktop,2020-04-10T21:47:29.000Z
hbaistow9r@mashable.com,movies_delete,phone,2020-04-21T17:36:13.000Z
asaxby9s@vistaprint.com,movies_update,desktop,2020-04-11T08:01:09.000Z
okitchingman9t@vistaprint.com,movies_all,car,2020-05-04T01:43:55.000Z
fcroxton9u@businessinsider.com,movies_all,tablet,2020-04-05T00:24:35.000Z
jpinnick9v@bloomberg.com,movies_add,tv,2020-05-17T12:37:53.000Z
ckrojn9w@tinypic.com,movies_count,phone,2020-05-18T18:19:31.000Z
cgratrix9x@netlog.com,movies_update,desktop,2020-05-25T22:05:35.000Z
zmably9y@bizjournals.com,movies_count,desktop,2020-05-18T00:36:44.000Z
askyrme9z@va.gov,movies_get,bot,2020-04-29T23:56:06.000Z
jdobesona0@odnoklassniki.ru,movies_delete,car,2020-05-13T11:40:52.000Z
dstronga1@delicious.com,movies_get,tablet,2020-04-06T02:36:46.000Z
fstivea2@harvard.edu,movies_delete,car,2020-04-24T17:20:43.000Z
lalyukina3@people.com.cn,movies_update,phone,2020-05-12T19:07:30.000Z
celiaa4@spiegel.de,movies_count,phone,2020-04-30T13:10:29.000Z
meydena5@rambler.ru,movies_delete,tv,2020-05-04T22:17:23.000Z
dfolana6@usnews.com,movies_update,tablet,2020-05-20T02:43:20.000Z
cvondracha7@is.gd,movies_update,bot,2020-05-16T07:32:09.000Z
edoranta8@vk.com,movies_delete,car,2020-05-05T17:14:39.000Z
tduffiea9@123-reg.co.uk,movies_update,phone,2020-04-06T22:52:26.000Z
cwoolesaa@shinystat.com,movies_add,bot,2020-05-09T21:45:43.000Z
lmussardab@liveinternet.ru,movies_count,tv,2020-05-14T05:06:26.000Z
rdunmuirac@utexas.edu,movies_update,car,2020-05-03T02:11:37.000Z
rkindellad@gov.uk,movies_count,car,2020-04-06T07:37:00.000Z
alidbetterae@sbwire.com,movies_delete,tv,2020-05-03T02:18:28.000Z
ahickinaf@ft.com,movies_delete,tv,2020-04-02T01:17:14.000Z
wsouthworthag@indiegogo.com,movies_update,desktop,2020-04-13T12:58:56.000Z
mbutlandah@rakuten.co.jp,movies_add,bot,2020-04-08T12:05:34.000Z
mcoolbearai@ft.com,movies_get,desktop,2020-05-17T19:00:06.000Z
dcollingridgeaj@sciencedirect.com,movies_update,tablet,2020-04-14T11:18:43.000Z
ltardiffak@livejournal.com,movies_count,phone,2020-04-01T08:23:52.000Z
mpridittal@geocities.com,movies_get,desktop,2020-05-24T00:40:33.000Z
dschildam@netlog.com,movies_delete,car,2020-05-08T20:35:10.000Z
wgilhaman@epa.gov,movies_all,bot,2020-05-13T13:56:29.000Z
ktremellierao@usa.gov,movies_add,tablet,2020-05-11T11:17:45.000Z
csimenetap@si.edu,movies_count,tablet,2020-04-27T21:25:59.000Z
awivellaq@paypal.com,movies_all,tv,2020-04-08T10:33:41.000Z
tdelloydar@myspace.com,movies_count,desktop,2020-05-13T17:53:00.000Z
egasonas@myspace.com,movies_all,tablet,2020-05-24T13:52:44.000Z
kstothardat@flickr.com,movies_all,desktop,2020-05-29T08:05:47.000Z
tbrownhillau@unc.edu,movies_all,bot,2020-05-23T19:32:41.000Z
avigneav@skyrock.com,movies_get,tv,2020-04-12T02:12:14.000Z
chailstonaw@fc2.com,movies_get,phone,2020-04-15T11:06:48.000Z
adearingax@china.com.cn,movies_get,car,2020-04-11T05:03:17.000Z
bgrewaray@ucsd.edu,movies_all,desktop,2020-05-08T10:23:56.000Z
toddyaz@prweb.com,movies_update,tablet,2020-04-14T02:12:02.000Z
jedardsb0@bravesites.com,movies_all,desktop,2020-05-06T19:17:38.000Z
smatuskiewiczb1@homestead.com,movies_delete,phone,2020-04-11T20:26:32.000Z
lbayfordb2@google.nl,movies_update,phone,2020-05-16T05:46:59.000Z
hbombb3@wp.com,movies_all,phone,2020-05-07T18:40:20.000Z
cferrerob4@symantec.com,movies_add,tv,2020-05-16T11:24:44.000Z
vbalogb5@prlog.org,movies_update,car,2020-04-02T20:54:36.000Z
njerroldb6@etsy.com,movies_all,car,2020-04-25T01:17:39.000Z
gkitleyb7@indiatimes.com,movies_delete,tablet,2020-04-07T13:53:31.000Z
epaddonb8@tiny.cc,movies_update,tablet,2020-04-25T01:54:49.000Z
scrossfieldb9@163.com,movies_update,phone,2020-04-07T14:00:34.000Z
ccreaseyba@theguardian.com,movies_delete,desktop,2020-05-25T09:31:30.000Z
oshortallbb@slideshare.net,movies_add,desktop,2020-05-17T22:31:58.000Z
eglazebc@1688.com,movies_count,bot,2020-04-19T04:40:12.000Z
akneelbd@lulu.com,movies_update,bot,2020-05-20T20:18:21.000Z
ezaniolettibe@meetup.com,movies_update,phone,2020-04-29T11:02:39.000Z
glammasbf@creativecommons.org,movies_all,tv,2020-04-30T07:10:50.000Z
ewhaymanbg@ameblo.jp,movies_update,tv,2020-04-24T13:21:22.000Z
bedmondsonbh@hubpages.com,movies_count,bot,2020-04-23T18:38:05.000Z
ccucksonbi@clickbank.net,movies_delete,desktop,2020-05-22T08:51:04.000Z
jjeffelsbj@nba.com,movies_get,car,2020-04-22T07:59:16.000Z
drabbebk@newyorker.com,movies_get,phone,2020-05-26T14:41:51.000Z
apoytherasbl@hhs.gov,movies_update,phone,2020-05-23T23:31:06.000Z
ojarmanbm@blogspot.com,movies_get,bot,2020-05-14T18:33:39.000Z
jbissexbn@yale.edu,movies_update,desktop,2020-05-14T21:14:37.000Z
aellandbo@people.com.cn,movies_all,desktop,2020-04-05T08:30:38.000Z
clehrmannbp@independent.co.uk,movies_all,tablet,2020-04-05T02:20:05.000Z
kgreenshieldsbq@state.gov,movies_update,bot,2020-04-03T00:18:28.000Z
rlorenbr@mediafire.com,movies_add,tablet,2020-05-06T22:09:32.000Z
mdunbletonbs@hexun.com,movies_add,car,2020-05-03T18:41:53.000Z
fbergebt@fastcompany.com,movies_update,desktop,2020-04-06T04:30:17.000Z
ngabitisbu@ning.com,movies_all,tv,2020-04-15T11:01:28.000Z
tavorybv@trellian.com,movies_delete,bot,2020-04-08T11:20:36.000Z
sashbornbw@csmonitor.com,movies_get,tablet,2020-05-14T19:27:55.000Z
catlaybx@mlb.com,movies_update,tablet,2020-04-20T23:06:21.000Z
candreouby@google.nl,movies_update,desktop,2020-04-27T15:52:36.000Z
twoolenbz@acquirethisname.com,movies_get,bot,2020-04-22T14:32:38.000Z
dbaulkc0@shutterfly.com,movies_count,phone,2020-04-09T06:15:22.000Z
eflethamc1@miitbeian.gov.cn,movies_count,tablet,2020-04-12T15:48:31.000Z
mhavockc2@naver.com,movies_get,desktop,2020-04-03T05:43:56.000Z
bhazeltinec3@t.co,movies_count,phone,2020-04-09T12:43:17.000Z
dkalbc4@imdb.com,movies_all,bot,2020-04-26T08:12:10.000Z
rmassenhovec5@indiatimes.com,movies_update,phone,2020-04-23T22:19:44.000Z
ryatesc6@themeforest.net,movies_count,desktop,2020-04-19T02:23:40.000Z
tleavesc7@hibu.com,movies_update,bot,2020-04-14T05:18:48.000Z
myoulesc8@house.gov,movies_count,bot,2020-05-06T03:40:37.000Z
kcarloc9@canalblog.com,movies_delete,bot,2020-05-30T02:38:01.000Z
rhonatschca@marriott.com,movies_count,phone,2020-04-05T20:08:04.000Z
csciacovellicb@cocolog-nifty.com,movies_delete,car,2020-05-17T01:47:31.000Z
ftathercc@youtu.be,movies_update,tv,2020-04-25T18:45:26.000Z
cgeldartcd@apache.org,movies_all,desktop,2020-05-30T05:18:50.000Z
fbrouwerce@comsenz.com,movies_count,tv,2020-05-20T06:51:27.000Z
thearoncf@nifty.com,movies_update,tv,2020-04-08T22:12:15.000Z
afallowcg@huffingtonpost.com,movies_get,bot,2020-04-03T08:32:37.000Z
vdederickch@latimes.com,movies_update,tv,2020-05-03T21:13:16.000Z
gbeldenci@upenn.edu,movies_all,desktop,2020-05-08T20:10:08.000Z
dflippinicj@ocn.ne.jp,movies_update,tablet,2020-04-14T23:03:31.000Z
amcguffogck@abc.net.au,movies_count,bot,2020-04-27T15:00:23.000Z
pcuncliffecl@list-manage.com,movies_add,bot,2020-05-06T09:43:40.000Z
etrankcm@typepad.com,movies_add,car,2020-04-05T12:48:23.000Z
kdarrigocn@redcross.org,movies_add,tablet,2020-04-02T05:55:02.000Z
csyerco@goo.ne.jp,movies_update,tablet,2020-04-18T05:16:48.000Z
csmithemancp@multiply.com,movies_delete,tv,2020-05-18T19:37:26.000Z
sshackladycq@php.net,movies_all,car,2020-05-18T22:50:44.000Z
vsurmancr@google.it,movies_delete,car,2020-05-25T10:03:03.000Z
ovigarscs@weibo.com,movies_add,phone,2020-05-17T20:13:23.000Z
hjakewayct@mtv.com,movies_all,car,2020-04-11T08:59:58.000Z
caldhamcu@un.org,movies_add,tablet,2020-05-23T07:13:18.000Z
rodowlingcv@qq.com,movies_get,tv,2020-05-09T07:42:48.000Z
rgregoletticw@surveymonkey.com,movies_get,tv,2020-04-08T04:46:59.000Z
zkiehnecx@fastcompany.com,movies_add,desktop,2020-05-17T09:17:24.000Z
nrubinowitchcy@opensource.org,movies_add,tablet,2020-05-14T11:11:22.000Z
gbraybrookecz@va.gov,movies_add,phone,2020-05-29T21:16:03.000Z
nstollenbeckerd0@gov.uk,movies_delete,desktop,2020-04-16T05:45:00.000Z
ljanikowskid1@europa.eu,movies_update,bot,2020-04-23T13:52:55.000Z
fbaised2@mapquest.com,movies_get,bot,2020-05-03T07:00:25.000Z
rharuardd3@fotki.com,movies_add,phone,2020-04-27T21:44:42.000Z
imahaddied4@bluehost.com,movies_add,tablet,2020-04-19T16:02:06.000Z
ieschalotted5@sourceforge.net,movies_update,tablet,2020-05-09T17:45:32.000Z
faugustind6@guardian.co.uk,movies_update,car,2020-04-15T14:14:46.000Z
rgraylandd7@goodreads.com,movies_delete,tv,2020-05-20T05:32:09.000Z
lflintuffd8@nba.com,movies_get,tablet,2020-05-14T19:47:02.000Z
gbengerd9@squidoo.com,movies_add,phone,2020-04-28T06:59:43.000Z
rfallowesda@typepad.com,movies_delete,tv,2020-04-19T14:31:41.000Z
lmcelrathdb@arstechnica.com,movies_delete,car,2020-04-26T13:29:39.000Z
rhukedc@house.gov,movies_update,bot,2020-04-10T04:43:22.000Z
bflaritydd@cisco.com,movies_get,car,2020-05-11T17:19:18.000Z
elilburnede@blogger.com,movies_update,tv,2020-04-03T23:29:40.000Z
bjanningsdf@bloglovin.com,movies_update,tv,2020-05-27T18:26:55.000Z
eszymonwiczdg@taobao.com,movies_all,bot,2020-05-23T14:22:37.000Z
utennewelldh@dailymail.co.uk,movies_get,bot,2020-04-27T05:58:01.000Z
qvasilkovdi@ucla.edu,movies_update,tablet,2020-04-16T11:33:38.000Z
bberthelmotdj@oracle.com,movies_add,tv,2020-04-04T04:42:16.000Z
rrosewelldk@ehow.com,movies_delete,phone,2020-04-29T22:45:07.000Z
sswalesdl@go.com,movies_add,desktop,2020-04-02T14:33:20.000Z
hyurkindm@cbsnews.com,movies_update,desktop,2020-04-21T23:16:43.000Z
jfibbendn@fda.gov,movies_delete,desktop,2020-05-15T14:08:38.000Z
lheaddo@icq.com,movies_delete,desktop,2020-04-18T02:32:21.000Z
scastanonedp@bing.com,movies_count,bot,2020-05-29T03:59:29.000Z
obroseldq@last.fm,movies_count,tv,2020-04-29T12:45:45.000Z
acathiedr@webnode.com,movies_update,phone,2020-05-27T18:35:16.000Z
jhamshereds@whitehouse.gov,movies_add,tv,2020-05-13T06:21:44.000Z
ymbarrondt@nbcnews.com,movies_add,phone,2020-04-14T10:35:05.000Z
djimedu@webs.com,movies_all,tablet,2020-05-06T05:41:39.000Z
dkeamdv@un.org,movies_count,bot,2020-04-27T05:00:09.000Z
rlamperddw@archive.org,movies_add,bot,2020-05-22T08:19:44.000Z
dborkettdx@t-online.de,movies_update,car,2020-04-07T04:38:54.000Z
cblameydy@smugmug.com,movies_count,phone,2020-04-10T19:10:07.000Z
mscottdz@dedecms.com,movies_add,bot,2020-04-27T02:01:33.000Z
gpulmane0@yahoo.co.jp,movies_delete,car,2020-04-18T13:30:24.000Z
ogoore1@acquirethisname.com,movies_update,tv,2020-04-28T06:22:24.000Z
jtofflere2@scientificamerican.com,movies_add,tablet,2020-04-23T05:23:44.000Z
efrankene3@ca.gov,movies_get,desktop,2020-05-22T23:30:49.000Z
sclaussene4@elpais.com,movies_count,desktop,2020-05-21T14:21:44.000Z
bswancocke5@dmoz.org,movies_delete,phone,2020-04-08T07:45:56.000Z
wmcgurke6@patch.com,movies_get,car,2020-05-01T06:46:36.000Z
epinnicke7@cyberchimps.com,movies_get,bot,2020-04-13T04:44:30.000Z
nechellee8@weather.com,movies_count,desktop,2020-05-18T22:11:00.000Z
bmussolinie9@eepurl.com,movies_get,tablet,2020-05-21T18:53:47.000Z
nnoorwoodea@deviantart.com,movies_update,tv,2020-04-11T21:36:28.000Z
sricioppoeb@slideshare.net,movies_count,tv,2020-04-20T21:23:44.000Z
ckerfutec@homestead.com,movies_add,bot,2020-05-22T18:28:06.000Z
belmared@reddit.com,movies_add,tablet,2020-05-28T23:02:42.000Z
tmcpheeee@woothemes.com,movies_delete,car,2020-04-29T17:25:02.000Z
ftorrieef@artisteer.com,movies_count,tv,2020-04-21T08:37:49.000Z
bmoneypennyeg@macromedia.com,movies_delete,car,2020-05-13T08:58:09.000Z
bramalhoeh@1und1.de,movies_get,bot,2020-05-18T01:04:56.000Z
cfenechei@miibeian.gov.cn,movies_add,bot,2020-05-23T09:19:53.000Z
thuddlestoneej@narod.ru,movies_add,tv,2020-05-07T03:51:15.000Z
aclaxtonek@issuu.com,movies_delete,car,2020-05-21T03:15:22.000Z
lellerel@weather.com,movies_add,desktop,2020-05-08T05:49:22.000Z
jnolteem@trellian.com,movies_get,phone,2020-04-07T06:08:16.000Z
mknappenen@gravatar.com,movies_delete,tv,2020-05-05T08:28:57.000Z
kaubrayeo@marketwatch.com,movies_get,tablet,2020-05-14T16:45:49.000Z
jsibbeep@blog.com,movies_delete,tablet,2020-04-10T09:32:06.000Z
bhardineq@google.pl,movies_delete,tv,2020-05-25T13:00:37.000Z
eseaverser@theguardian.com,movies_update,tv,2020-04-07T04:38:33.000Z
fbertles@redcross.org,movies_all,desktop,2020-05-01T02:43:06.000Z
acollet@weebly.com,movies_all,bot,2020-05-10T07:50:18.000Z
tfaraghereu@eventbrite.com,movies_all,phone,2020-05-19T12:45:20.000Z
ulauretev@paginegialle.it,movies_count,phone,2020-04-13T14:45:28.000Z
lstoppeew@4shared.com,movies_get,phone,2020-05-25T08:27:42.000Z
jboltwoodex@state.gov,movies_delete,tv,2020-05-06T07:02:54.000Z
wborthey@eepurl.com,movies_get,phone,2020-05-13T07:56:00.000Z
mbarbeyez@google.ca,movies_update,tv,2020-04-06T10:04:22.000Z
eflackef0@wunderground.com,movies_get,tablet,2020-04-01T13:23:05.000Z
fhaseleyf1@mozilla.org,movies_all,tv,2020-04-10T14:13:01.000Z
cposnerf2@bigcartel.com,movies_add,phone,2020-04-17T05:14:45.000Z
cjoiref3@feedburner.com,movies_count,car,2020-04-07T04:10:26.000Z
epirdyf4@digg.com,movies_add,bot,2020-04-01T08:11:39.000Z
rstansfieldf5@newsvine.com,movies_get,phone,2020-05-05T05:34:46.000Z
cmcateerf6@addthis.com,movies_update,car,2020-04-09T23:03:24.000Z
lbahlf7@qq.com,movies_get,bot,2020-04-16T06:07:59.000Z
mdyersf8@51.la,movies_get,tv,2020-05-26T18:07:38.000Z
acayzerf9@opera.com,movies_delete,phone,2020-04-04T03:44:19.000Z
tredhillsfa@ucoz.com,movies_count,car,2020-04-07T18:12:42.000Z
uconfaitfb@nationalgeographic.com,movies_get,car,2020-05-27T11:22:39.000Z
loflavertyfc@narod.ru,movies_all,tv,2020-05-24T03:44:02.000Z
gewdalefd@lycos.com,movies_add,bot,2020-04-11T01:01:20.000Z
sjirekfe@about.com,movies_get,tablet,2020-05-03T06:35:14.000Z
tabdenff@prweb.com,movies_add,tablet,2020-05-02T14:20:05.000Z
glehrmannfg@cam.ac.uk,movies_get,phone,2020-05-11T16:00:59.000Z
avanyushkinfh@t-online.de,movies_delete,tv,2020-05-20T07:39:27.000Z
mperellfi@eepurl.com,movies_count,desktop,2020-05-29T10:40:09.000Z
ctornsfj@sogou.com,movies_all,phone,2020-04-15T17:15:17.000Z
vmundayfk@tumblr.com,movies_count,bot,2020-05-10T11:55:42.000Z
lboliverfl@ovh.net,movies_update,tv,2020-05-18T08:36:58.000Z
ssawlfm@reuters.com,movies_count,bot,2020-05-22T13:24:03.000Z
gsheddfn@webnode.com,movies_add,tablet,2020-04-01T14:59:05.000Z
kshardlowfo@typepad.com,movies_add,phone,2020-05-14T15:50:00.000Z
cswynefp@earthlink.net,movies_delete,phone,2020-04-13T02:19:17.000Z
gandreuttifq@ezinearticles.com,movies_add,bot,2020-04-17T05:58:24.000Z
mbeehofr@army.mil,movies_all,phone,2020-04-05T15:35:54.000Z
tceelyfs@pen.io,movies_count,desktop,2020-04-09T20:58:55.000Z
blovemoreft@tripod.com,movies_all,car,2020-04-27T18:42:16.000Z
aelsworthfu@ameblo.jp,movies_delete,car,2020-05-22T22:57:34.000Z
mreddanfv@a8.net,movies_count,tablet,2020-04-19T02:05:08.000Z
jpotterfw@wsj.com,movies_get,tv,2020-04-04T17:55:44.000Z
gcolreinfx@jugem.jp,movies_delete,tablet,2020-05-01T16:32:21.000Z
amorkhamfy@unesco.org,movies_delete,bot,2020-04-16T08:58:41.000Z
dmilhenchfz@theguardian.com,movies_count,desktop,2020-04-17T01:12:53.000Z
challumsg0@zdnet.com,movies_delete,desktop,2020-05-19T18:01:33.000Z
skearleyg1@yolasite.com,movies_get,tv,2020-04-28T03:03:18.000Z
dastellg2@wunderground.com,movies_get,tv,2020-04-25T15:13:04.000Z
mtorranceg3@deviantart.com,movies_delete,bot,2020-04-04T09:11:11.000Z
lcaustong4@barnesandnoble.com,movies_count,bot,2020-05-13T05:15:35.000Z
pscandwrightg5@tripod.com,movies_update,desktop,2020-05-01T07:42:00.000Z
tastillg6@google.ca,movies_update,tv,2020-04-10T15:09:41.000Z
cantramg7@elegantthemes.com,movies_get,desktop,2020-05-14T20:22:33.000Z
sdalescog8@google.co.jp,movies_update,bot,2020-04-15T08:32:10.000Z
efonzoneg9@symantec.com,movies_add,tablet,2020-05-17T11:16:36.000Z
fhundalga@123-reg.co.uk,movies_update,phone,2020-05-27T05:57:52.000Z
rsmileygb@mlb.com,movies_delete,desktop,2020-05-04T16:18:08.000Z
gambrosiogc@tuttocitta.it,movies_update,tv,2020-05-14T08:09:33.000Z
mmilesopgd@vimeo.com,movies_all,bot,2020-04-24T06:57:46.000Z
kbrindge@cam.ac.uk,movies_delete,tablet,2020-05-15T23:44:34.000Z
lkollatschgf@hp.com,movies_all,bot,2020-05-11T15:33:00.000Z
gstoddardgg@geocities.jp,movies_all,desktop,2020-05-18T02:00:24.000Z
bmcneishgh@nifty.com,movies_delete,tablet,2020-05-28T23:29:08.000Z
vkennettgi@sohu.com,movies_all,car,2020-04-14T15:47:21.000Z
gchowngj@google.com.br,movies_all,tv,2020-05-23T21:00:33.000Z
jflawngk@guardian.co.uk,movies_all,bot,2020-05-17T02:11:43.000Z
icapeygl@blogger.com,movies_count,tablet,2020-04-19T04:35:18.000Z
clightfootgm@auda.org.au,movies_all,car,2020-05-08T15:05:22.000Z
menrightgn@phoca.cz,movies_all,tv,2020-04-01T08:25:53.000Z
cbartropgo@omniture.com,movies_add,tv,2020-04-23T05:56:34.000Z
alundiegp@utexas.edu,movies_all,tv,2020-04-14T06:43:30.000Z
vdumsdaygq@sogou.com,movies_add,car,2020-04-02T16:44:30.000Z
shaldengr@bbb.org,movies_add,tablet,2020-05-06T11:10:07.000Z
dbernardogs@barnesandnoble.com,movies_get,desktop,2020-04-17T06:18:58.000Z
hmcguigangt@mlb.com,movies_get,bot,2020-05-05T07:43:04.000Z
kornillosgu@yelp.com,movies_update,bot,2020-05-11T18:58:46.000Z
baisbettgv@wunderground.com,movies_all,car,2020-05-16T09:34:58.000Z
gpidgingw@bigcartel.com,movies_get,phone,2020-04-28T22:44:58.000Z
gmccowangx@sciencedirect.com,movies_update,desktop,2020-05-02T04:58:42.000Z
iprewergy@dropbox.com,movies_all,bot,2020-04-18T16:56:42.000Z
hloadegz@uol.com.br,movies_add,tablet,2020-05-06T18:32:52.000Z
bshardh0@csmonitor.com,movies_get,bot,2020-05-30T16:29:44.000Z
ypeytoh1@imageshack.us,movies_update,phone,2020-04-28T22:51:11.000Z
rwivellh2@walmart.com,movies_update,tablet,2020-04-03T15:00:52.000Z
mguillondh3@mtv.com,movies_update,bot,2020-04-06T14:39:17.000Z
qheakeh4@rambler.ru,movies_all,desktop,2020-04-09T23:31:09.000Z
cmcgrathh5@dell.com,movies_count,bot,2020-04-12T07:04:20.000Z
slissamanh6@paginegialle.it,movies_add,phone,2020-05-07T02:13:27.000Z
sfrowdeh7@deliciousdays.com,movies_all,phone,2020-04-20T23:47:32.000Z
njansensh8@xrea.com,movies_all,car,2020-04-06T13:19:00.000Z
bgurnayh9@google.fr,movies_get,desktop,2020-04-05T07:53:30.000Z
sbyhamha@disqus.com,movies_count,tablet,2020-04-22T01:24:42.000Z
eturbathb@tinypic.com,movies_count,car,2020-04-16T05:45:50.000Z
sbrellinhc@livejournal.com,movies_get,phone,2020-04-16T01:59:45.000Z
gunionhd@globo.com,movies_count,bot,2020-04-28T14:08:01.000Z
ckoschkehe@smugmug.com,movies_add,tablet,2020-04-27T13:27:21.000Z
zdunlophf@mozilla.com,movies_all,tablet,2020-05-11T17:55:01.000Z
ehubhg@wisc.edu,movies_count,tablet,2020-04-25T01:12:16.000Z
dsinkinhh@alexa.com,movies_add,phone,2020-04-24T01:15:32.000Z
hsodahi@geocities.jp,movies_count,tablet,2020-05-29T19:58:52.000Z
lpeagrimhj@webmd.com,movies_update,tablet,2020-04-22T05:57:17.000Z
smargiottahk@woothemes.com,movies_count,tv,2020-05-13T22:05:42.000Z
tmuttitthl@salon.com,movies_update,phone,2020-05-27T18:46:43.000Z
fbartodhm@wisc.edu,movies_update,tv,2020-04-30T21:49:12.000Z
alamonbyhn@toplist.cz,movies_update,car,2020-04-23T06:15:32.000Z
lgoslingho@rambler.ru,movies_count,tv,2020-04-23T10:04:50.000Z
apeetehp@de.vu,movies_count,bot,2020-04-01T11:15:08.000Z
cyarnellhq@macromedia.com,movies_delete,desktop,2020-04-29T07:05:54.000Z
apeerthr@hud.gov,movies_add,tablet,2020-04-25T10:25:14.000Z
mmartonhs@phpbb.com,movies_add,car,2020-04-22T20:01:07.000Z
avedstraht@ustream.tv,movies_count,car,2020-05-25T04:13:21.000Z
gtunnahhu@slashdot.org,movies_all,phone,2020-05-25T01:17:40.000Z
tphillpottshv@pen.io,movies_get,phone,2020-05-29T21:00:08.000Z
ghoonahanhw@chronoengine.com,movies_add,bot,2020-04-16T19:09:02.000Z
dmouranthx@issuu.com,movies_all,car,2020-05-02T18:50:33.000Z
jhenkmannhy@newyorker.com,movies_delete,phone,2020-05-14T15:51:57.000Z
blenglethz@jugem.jp,movies_update,phone,2020-05-24T05:44:21.000Z
shardwayi0@instagram.com,movies_delete,tablet,2020-05-20T23:10:10.000Z
dpriditti1@soup.io,movies_count,bot,2020-05-01T16:07:57.000Z
hbonsalei2@alexa.com,movies_count,tv,2020-04-02T17:53:17.000Z
fgarzai3@house.gov,movies_delete,bot,2020-05-30T11:14:54.000Z
eboxhalli4@vistaprint.com,movies_count,tablet,2020-04-03T05:34:37.000Z
hdudderidgei5@google.nl,movies_count,car,2020-05-18T22:06:28.000Z
krozieri6@twitter.com,movies_count,bot,2020-05-24T15:57:25.000Z
akleinpeltzi7@businesswire.com,movies_add,bot,2020-04-13T01:37:15.000Z
arupkei8@un.org,movies_delete,phone,2020-05-21T14:53:44.000Z
tbarzeni9@hatena.ne.jp,movies_add,tablet,2020-05-05T03:37:13.000Z
svasyutichevia@dailymail.co.uk,movies_all,tablet,2020-05-12T01:16:51.000Z
tmapleib@clickbank.net,movies_update,tablet,2020-05-02T03:45:05.000Z
gtayloeic@apple.com,movies_update,tablet,2020-04-03T13:12:55.000Z
espillardid@weibo.com,movies_delete,bot,2020-04-01T21:59:27.000Z
clilleycropie@dot.gov,movies_delete,tv,2020-04-18T16:32:10.000Z
fcaddyif@friendfeed.com,movies_count,bot,2020-05-13T22:59:06.000Z
rseabonig@ustream.tv,movies_count,tablet,2020-04-02T03:56:37.000Z
schappleih@barnesandnoble.com,movies_delete,tv,2020-04-18T02:31:14.000Z
lwoodhamii@diigo.com,movies_get,car,2020-05-21T15:45:51.000Z
dvedstraij@nydailynews.com,movies_count,car,2020-05-03T07:37:53.000Z
scaldaroik@ca.gov,movies_update,desktop,2020-05-21T23:15:44.000Z
asingyardil@cbc.ca,movies_all,tablet,2020-05-27T10:47:42.000Z
lstatersfieldim@blogspot.com,movies_get,car,2020-04-30T08:01:05.000Z
dduffittin@delicious.com,movies_count,car,2020-04-03T07:59:54.000Z
ccudworthio@geocities.jp,movies_get,car,2020-04-28T18:10:31.000Z
kfeakeip@slideshare.net,movies_add,bot,2020-05-04T16:56:17.000Z
ngalvaniq@amazon.co.jp,movies_get,car,2020-04-15T11:36:13.000Z
dconnalir@weather.com,movies_delete,tv,2020-05-27T22:39:46.000Z
sbryantis@amazon.co.jp,movies_all,desktop,2020-05-29T18:53:30.000Z
sdawidit@is.gd,movies_count,tablet,2020-04-29T04:57:10.000Z
skleanthousiu@ucoz.com,movies_add,tablet,2020-05-14T01:52:07.000Z
plyttoniv@w3.org,movies_get,tablet,2020-04-09T10:01:28.000Z
dkermeeniw@samsung.com,movies_count,tv,2020-05-26T16:04:38.000Z
ckuberaix@vkontakte.ru,movies_add,desktop,2020-04-20T03:01:37.000Z
chuguetiy@admin.ch,movies_add,tv,2020-04-08T09:02:03.000Z
mdelaundeiz@usnews.com,movies_add,car,2020-04-12T11:04:02.000Z
ojopsonj0@apple.com,movies_delete,tv,2020-05-02T11:14:32.000Z
vratej1@fotki.com,movies_get,desktop,2020-05-02T23:47:03.000Z
rboswellj2@comsenz.com,movies_get,phone,2020-05-07T14:50:33.000Z
tbellamj3@desdev.cn,movies_get,phone,2020-04-01T02:39:43.000Z
clermouthj4@java.com,movies_count,phone,2020-04-15T23:44:45.000Z
hasprayj5@instagram.com,movies_update,tv,2020-04-09T05:37:32.000Z
cklynj6@nature.com,movies_all,bot,2020-05-09T17:18:21.000Z
fbrosterj7@geocities.jp,movies_update,bot,2020-04-13T01:54:00.000Z
jgethingj8@miibeian.gov.cn,movies_get,bot,2020-04-08T06:38:31.000Z
icoreyj9@patch.com,movies_count,bot,2020-05-17T19:16:55.000Z
kdesouzaja@blinklist.com,movies_count,bot,2020-04-02T10:57:38.000Z
lebbuttjb@networkadvertising.org,movies_delete,desktop,2020-05-12T06:57:22.000Z
lclaringboldjc@huffingtonpost.com,movies_delete,phone,2020-04-17T03:03:56.000Z
mprovisjd@sitemeter.com,movies_delete,bot,2020-04-24T06:38:56.000Z
lpentonyje@china.com.cn,movies_update,tv,2020-05-28T18:39:45.000Z
jmccoidjf@cam.ac.uk,movies_get,bot,2020-05-20T08:49:08.000Z
mrossojg@theatlantic.com,movies_update,phone,2020-04-24T03:32:51.000Z
bzorzuttijh@statcounter.com,movies_add,phone,2020-04-22T06:51:15.000Z
shugonetji@reddit.com,movies_update,desktop,2020-05-24T10:09:40.000Z
cbustjj@washington.edu,movies_delete,car,2020-05-03T08:16:44.000Z
fdomneyjk@foxnews.com,movies_count,car,2020-05-14T00:12:08.000Z
mfareyjl@squidoo.com,movies_delete,tablet,2020-04-06T17:57:50.000Z
rharkusjm@cocolog-nifty.com,movies_count,car,2020-05-30T04:08:55.000Z
ebadwickjn@dagondesign.com,movies_delete,tablet,2020-04-10T05:09:08.000Z
pasipenkojo@dyndns.org,movies_add,phone,2020-05-11T15:19:00.000Z
hmccaghanjp@vinaora.com,movies_update,phone,2020-04-14T18:49:03.000Z
pbownessjq@sakura.ne.jp,movies_all,tablet,2020-05-06T08:03:24.000Z
khargrovejr@theguardian.com,movies_update,desktop,2020-05-28T14:12:47.000Z
jhucksteppjs@theguardian.com,movies_delete,phone,2020-04-19T11:21:02.000Z
cgillianjt@taobao.com,movies_all,tv,2020-05-17T09:01:19.000Z
kiacomiju@yelp.com,movies_count,tablet,2020-04-29T18:18:35.000Z
mmoppettjv@oracle.com,movies_update,tv,2020-04-20T06:32:44.000Z
gkikkejw@reverbnation.com,movies_update,desktop,2020-05-07T22:21:13.000Z
sleportjx@topsy.com,movies_all,bot,2020-05-26T02:56:43.000Z
iquoitjy@webmd.com,movies_delete,tablet,2020-05-15T15:36:06.000Z
bbanfieldjz@ihg.com,movies_get,tv,2020-05-13T21:07:35.000Z
ahuffak0@domainmarket.com,movies_count,desktop,2020-05-13T22:44:51.000Z
rjedrychk1@msu.edu,movies_update,phone,2020-04-08T11:42:47.000Z
awilprechtk2@pinterest.com,movies_get,tablet,2020-05-03T04:41:20.000Z
sbasindalek3@engadget.com,movies_update,desktop,2020-04-04T06:23:02.000Z
mpittwoodk4@cdc.gov,movies_all,phone,2020-05-14T14:14:34.000Z
daylesburyk5@tamu.edu,movies_all,bot,2020-05-08T07:59:08.000Z
cberthodk6@epa.gov,movies_count,tablet,2020-05-27T15:40:54.000Z
dfarebrotherk7@msu.edu,movies_count,phone,2020-04-26T09:52:23.000Z
icartwrightk8@ebay.co.uk,movies_add,phone,2020-05-22T12:37:33.000Z
hbindink9@yandex.ru,movies_update,tablet,2020-05-20T03:49:01.000Z
ubostickka@drupal.org,movies_add,tv,2020-05-25T03:27:57.000Z
cbennittkb@nasa.gov,movies_all,bot,2020-04-13T10:37:39.000Z
deamerkc@merriam-webster.com,movies_update,car,2020-05-12T10:38:35.000Z
gpockettkd@state.gov,movies_get,car,2020-05-22T04:58:40.000Z
mbellewke@nps.gov,movies_get,car,2020-05-26T05:21:01.000Z
fnorreykf@barnesandnoble.com,movies_update,phone,2020-04-28T14:50:22.000Z
dferrykg@sciencedirect.com,movies_count,car,2020-05-01T14:41:40.000Z
hpendreykh@behance.net,movies_all,car,2020-05-19T08:58:58.000Z
jasplinki@privacy.gov.au,movies_all,phone,2020-04-21T23:29:03.000Z
pdanserkj@scientificamerican.com,movies_update,tablet,2020-04-19T18:42:08.000Z
oshrimplingkk@t-online.de,movies_count,tablet,2020-05-29T02:14:17.000Z
nwintkl@sourceforge.net,movies_count,tablet,2020-04-01T07:29:26.000Z
egrutkm@ft.com,movies_all,bot,2020-04-19T17:35:20.000Z
kamykn@meetup.com,movies_delete,tv,2020-05-02T06:30:45.000Z
dislipko@spiegel.de,movies_update,bot,2020-05-28T20:56:50.000Z
bcossorkp@yahoo.com,movies_all,tablet,2020-05-29T14:17:30.000Z
ssineathkq@blogtalkradio.com,movies_get,desktop,2020-05-22T08:44:41.000Z
cpallaskr@forbes.com,movies_all,tablet,2020-04-17T22:10:20.000Z
nsmoutks@over-blog.com,movies_count,car,2020-04-04T14:18:36.000Z
trowdenkt@aol.com,movies_add,tablet,2020-05-30T09:15:57.000Z
lpothburyku@friendfeed.com,movies_add,tv,2020-04-26T02:20:45.000Z
dhitchenskv@nationalgeographic.com,movies_count,phone,2020-05-28T19:14:09.000Z
cjeggokw@redcross.org,movies_get,desktop,2020-05-10T16:41:07.000Z
gecobkx@opera.com,movies_add,car,2020-04-30T01:57:39.000Z
redenky@wikia.com,movies_all,tablet,2020-05-16T17:42:53.000Z
rvalentikz@pinterest.com,movies_get,phone,2020-05-03T06:13:29.000Z
lgogartyl0@pinterest.com,movies_all,car,2020-04-25T15:05:34.000Z
wgapperl1@admin.ch,movies_get,desktop,2020-04-06T17:33:37.000Z
ranthonsenl2@ask.com,movies_count,desktop,2020-05-30T01:06:17.000Z
lsidlel3@squarespace.com,movies_update,bot,2020-04-28T12:10:55.000Z
praynorl4@studiopress.com,movies_delete,desktop,2020-05-14T18:15:48.000Z
ndeclairmontl5@pcworld.com,movies_delete,phone,2020-04-03T02:05:15.000Z
kerroll6@webnode.com,movies_update,bot,2020-05-11T05:46:06.000Z
begdall7@merriam-webster.com,movies_delete,tv,2020-04-10T21:22:33.000Z
mwhildl8@yolasite.com,movies_delete,phone,2020-04-11T22:43:37.000Z
efishwickl9@cnbc.com,movies_update,tablet,2020-05-07T01:16:09.000Z
ccancellerla@google.cn,movies_update,phone,2020-04-10T22:00:25.000Z
ebenkolb@360.cn,movies_delete,desktop,2020-04-21T00:58:12.000Z
lsnugglc@issuu.com,movies_delete,bot,2020-05-20T02:09:59.000Z
whueld@linkedin.com,movies_get,tv,2020-05-12T15:22:58.000Z
ldutsonle@posterous.com,movies_all,bot,2020-04-17T16:58:24.000Z
mperchardlf@dropbox.com,movies_all,desktop,2020-04-05T16:06:07.000Z
mbauldreylg@npr.org,movies_add,car,2020-05-07T13:23:37.000Z
hmccorleylh@howstuffworks.com,movies_all,phone,2020-05-08T03:50:55.000Z
selesanderli@goo.ne.jp,movies_all,car,2020-05-20T04:54:50.000Z
ndunkersleylj@imgur.com,movies_add,car,2020-05-02T10:03:51.000Z
emilsaplk@t-online.de,movies_update,bot,2020-05-27T18:45:28.000Z
agerretsll@wiley.com,movies_count,tablet,2020-04-17T16:15:57.000Z
jwhitingtonlm@hibu.com,movies_get,tablet,2020-05-14T06:56:46.000Z
rheidenln@weather.com,movies_count,bot,2020-05-04T09:56:46.000Z
knewlovelo@accuweather.com,movies_get,phone,2020-04-05T07:32:09.000Z
jeaglandlp@altervista.org,movies_add,tablet,2020-04-23T21:53:43.000Z
omccuislq@jigsy.com,movies_get,phone,2020-05-08T22:18:24.000Z
agruszeckilr@bloglovin.com,movies_count,phone,2020-04-22T00:58:51.000Z
doldroydels@parallels.com,movies_delete,car,2020-05-21T14:28:31.000Z
fstepneylt@jugem.jp,movies_update,phone,2020-04-29T17:53:14.000Z
cshatfordlu@fema.gov,movies_get,bot,2020-05-23T05:22:45.000Z
mslatcherlv@marriott.com,movies_update,desktop,2020-04-21T23:59:44.000Z
mryveslw@techcrunch.com,movies_update,tv,2020-04-22T13:54:25.000Z
fchristauffourlx@rambler.ru,movies_update,bot,2020-04-28T00:28:54.000Z
ggecksly@chron.com,movies_get,tv,2020-05-10T01:44:30.000Z
uguyerslz@sphinn.com,movies_add,phone,2020-05-24T17:46:39.000Z
alineenm0@slashdot.org,movies_count,phone,2020-05-24T07:14:38.000Z
hwhelanm1@elpais.com,movies_update,car,2020-04-29T11:47:53.000Z
dgeorgim2@ebay.co.uk,movies_count,tv,2020-04-16T19:44:34.000Z
rcaygillm3@istockphoto.com,movies_update,tablet,2020-04-22T01:27:32.000Z
tinoldm4@apache.org,movies_count,tablet,2020-04-19T19:11:01.000Z
askoughm5@imageshack.us,movies_add,phone,2020-04-10T23:15:01.000Z
sbramblem6@wikimedia.org,movies_add,phone,2020-05-30T18:26:46.000Z
jaultm7@guardian.co.uk,movies_update,bot,2020-05-14T05:13:09.000Z
jdouchm8@newyorker.com,movies_count,tablet,2020-05-14T05:52:57.000Z
wrayntonm9@examiner.com,movies_get,bot,2020-04-08T18:43:46.000Z
dspoorsma@dailymotion.com,movies_delete,car,2020-04-22T03:15:27.000Z
kfieldhousemb@independent.co.uk,movies_delete,tablet,2020-05-29T16:43:31.000Z
mwalmsleymc@mapquest.com,movies_get,desktop,2020-04-24T17:11:02.000Z
hpippingmd@people.com.cn,movies_update,tablet,2020-05-12T18:29:50.000Z
hpiggfordme@flickr.com,movies_all,car,2020-04-09T21:43:30.000Z
ldacthmf@nbcnews.com,movies_all,car,2020-04-11T13:17:21.000Z
kangovemg@miitbeian.gov.cn,movies_get,desktop,2020-05-16T05:10:06.000Z
aeassebymh@issuu.com,movies_delete,tablet,2020-04-12T05:22:12.000Z
rcapeymi@theglobeandmail.com,movies_get,tablet,2020-05-08T10:07:55.000Z
dfairniemj@dropbox.com,movies_get,car,2020-05-28T19:29:00.000Z
jscampionmk@ca.gov,movies_update,tablet,2020-04-02T21:50:17.000Z
sbecclesml@youtu.be,movies_delete,desktop,2020-04-05T08:42:25.000Z
cbodleymm@virginia.edu,movies_add,phone,2020-04-13T05:29:57.000Z
jarkowmn@devhub.com,movies_update,car,2020-05-13T14:09:46.000Z
bwhathammo@adobe.com,movies_update,phone,2020-05-04T04:31:52.000Z
rcronshawmp@booking.com,movies_update,tv,2020-05-27T11:38:37.000Z
tmanuellimq@seattletimes.com,movies_all,tv,2020-04-07T01:19:36.000Z
dgurgemr@alexa.com,movies_update,car,2020-05-14T01:31:19.000Z
jmaliams@sourceforge.net,movies_update,car,2020-05-20T14:47:36.000Z
dakhurstmt@apple.com,movies_count,phone,2020-05-17T11:43:06.000Z
mshakeshaftmu@pinterest.com,movies_all,desktop,2020-05-13T22:35:45.000Z
istrutmv@a8.net,movies_count,desktop,2020-05-12T21:48:25.000Z
scarletonmw@webmd.com,movies_delete,tv,2020-05-08T07:52:02.000Z
medensormx@skyrock.com,movies_count,desktop,2020-04-18T20:10:14.000Z
ghollibonemy@adobe.com,movies_add,bot,2020-05-07T22:07:14.000Z
lpedlarmz@i2i.jp,movies_delete,tv,2020-04-17T06:50:29.000Z
mbannonn0@cnet.com,movies_add,car,2020-05-02T22:55:44.000Z
bphilipartn1@163.com,movies_get,car,2020-05-28T03:42:27.000Z
cdelunan2@altervista.org,movies_get,desktop,2020-04-30T07:42:30.000Z
oglowinskin3@nyu.edu,movies_count,phone,2020-04-05T22:27:20.000Z
lgeldertn4@delicious.com,movies_all,bot,2020-05-08T21:58:59.000Z
dmchughn5@parallels.com,movies_get,bot,2020-04-29T11:07:41.000Z
tpappsn6@opensource.org,movies_all,phone,2020-05-13T12:28:59.000Z
dduggonn7@parallels.com,movies_update,desktop,2020-04-30T03:03:51.000Z
ctrimmelln8@archive.org,movies_add,tv,2020-04-16T23:02:25.000Z
qbrattann9@nifty.com,movies_add,tablet,2020-05-18T06:30:55.000Z
gdowyerna@nymag.com,movies_all,tv,2020-05-27T11:22:12.000Z
gdillamorenb@slate.com,movies_add,tablet,2020-04-21T06:39:44.000Z
garndtnc@friendfeed.com,movies_delete,desktop,2020-04-28T10:01:51.000Z
lhotchkinnd@dropbox.com,movies_delete,phone,2020-04-28T05:49:34.000Z
evermane@lulu.com,movies_add,car,2020-05-27T05:35:52.000Z
aausellonf@smugmug.com,movies_add,tablet,2020-05-22T13:12:28.000Z
mlagong@google.pl,movies_count,phone,2020-04-07T10:11:08.000Z
ndavidnh@rambler.ru,movies_count,car,2020-05-12T11:30:24.000Z
lgrunnillni@telegraph.co.uk,movies_all,tv,2020-05-29T23:39:20.000Z
ctierneynj@reuters.com,movies_get,car,2020-05-06T12:55:47.000Z
donolandnk@arstechnica.com,movies_count,phone,2020-05-10T14:55:18.000Z
omethamnl@princeton.edu,movies_update,bot,2020-05-22T08:34:15.000Z
glaileynm@cloudflare.com,movies_count,tv,2020-04-30T00:58:20.000Z
mmaccrackennn@nps.gov,movies_count,car,2020-05-02T20:54:28.000Z
bmerrileesno@furl.net,movies_delete,desktop,2020-05-27T02:49:08.000Z
amccrachennp@liveinternet.ru,movies_delete,phone,2020-05-03T16:53:34.000Z
fstainburnnq@theglobeandmail.com,movies_get,desktop,2020-04-16T16:43:34.000Z
ndecavillenr@spiegel.de,movies_update,bot,2020-05-05T03:10:14.000Z
wgittensns@timesonline.co.uk,movies_all,tablet,2020-05-22T21:08:01.000Z
cbriantnt@huffingtonpost.com,movies_all,car,2020-05-08T10:39:42.000Z
fdenziloenu@msn.com,movies_update,tablet,2020-05-08T09:37:56.000Z
epoynernv@flickr.com,movies_delete,desktop,2020-04-13T15:45:44.000Z
wcornilleaunw@icio.us,movies_update,desktop,2020-04-26T09:41:50.000Z
jpurbricknx@elegantthemes.com,movies_update,tablet,2020-04-11T13:27:13.000Z
rbargeny@purevolume.com,movies_count,desktop,2020-05-01T21:22:50.000Z
tjewarnz@mapy.cz,movies_count,tv,2020-05-11T03:58:05.000Z
solligano0@stumbleupon.com,movies_add,car,2020-05-11T03:23:01.000Z
chayhowo1@reference.com,movies_update,tablet,2020-04-30T18:41:06.000Z
cpulequeo2@samsung.com,movies_add,car,2020-04-22T12:36:22.000Z
zcammomileo3@opensource.org,movies_add,phone,2020-04-15T23:47:56.000Z
hdulsono4@about.com,movies_add,desktop,2020-04-17T16:20:01.000Z
lkurteno5@mapquest.com,movies_all,tv,2020-05-01T22:27:13.000Z
vcraydono6@pcworld.com,movies_all,desktop,2020-05-20T00:02:48.000Z
vdenneso7@spotify.com,movies_delete,desktop,2020-04-15T21:29:35.000Z
kbelfelto8@cisco.com,movies_all,tablet,2020-04-21T01:25:16.000Z
alockharto9@miitbeian.gov.cn,movies_delete,car,2020-05-18T10:34:57.000Z
mannesoa@nih.gov,movies_update,desktop,2020-05-26T15:30:53.000Z
akinkadeob@va.gov,movies_count,car,2020-05-15T03:21:48.000Z
fdavidoc@cnet.com,movies_all,tv,2020-05-15T20:35:13.000Z
ssiebod@nydailynews.com,movies_count,phone,2020-05-30T11:51:03.000Z
evannuchioe@yellowbook.com,movies_update,phone,2020-05-11T00:22:51.000Z
rcayserof@statcounter.com,movies_update,bot,2020-04-17T19:22:02.000Z
mfernandezog@zdnet.com,movies_get,desktop,2020-05-01T08:29:22.000Z
tlondesboroughoh@chicagotribune.com,movies_add,bot,2020-04-01T22:26:28.000Z
oskylettoi@nhs.uk,movies_delete,car,2020-04-20T14:52:29.000Z
dstrettleoj@g.co,movies_get,tablet,2020-04-30T21:53:09.000Z
edunicanok@narod.ru,movies_delete,tablet,2020-05-29T09:03:04.000Z
bclatworthyol@microsoft.com,movies_get,tablet,2020-04-04T10:56:49.000Z
arignoldom@nhs.uk,movies_update,tv,2020-05-06T22:47:49.000Z
aranklingon@linkedin.com,movies_update,tv,2020-05-15T15:25:26.000Z
gjeuneoo@gizmodo.com,movies_count,bot,2020-04-07T15:39:38.000Z
celiezop@msn.com,movies_add,bot,2020-05-29T10:56:12.000Z
houveroq@icio.us,movies_count,desktop,2020-05-07T00:48:14.000Z
npullanor@privacy.gov.au,movies_all,phone,2020-04-05T19:04:27.000Z
lwandrichos@cmu.edu,movies_count,car,2020-05-03T17:25:54.000Z
cjirousekot@toplist.cz,movies_get,phone,2020-04-18T23:44:05.000Z
mpresserou@columbia.edu,movies_delete,tablet,2020-04-03T03:13:09.000Z
vsabinov@hugedomains.com,movies_add,tv,2020-04-21T11:11:31.000Z
fgrennanow@nytimes.com,movies_update,phone,2020-04-29T09:00:21.000Z
emillikenox@vimeo.com,movies_all,tv,2020-05-20T22:06:36.000Z
msteinsonoy@lulu.com,movies_update,tv,2020-04-06T12:39:55.000Z
lscoularoz@aol.com,movies_get,bot,2020-04-08T21:06:25.000Z
fleeburnep0@techcrunch.com,movies_update,tv,2020-04-17T16:33:26.000Z
nkornyakovp1@mashable.com,movies_get,tablet,2020-05-12T11:20:28.000Z
lhaldanep2@dailymail.co.uk,movies_update,bot,2020-04-01T23:50:26.000Z
wtolchardp3@ycombinator.com,movies_all,bot,2020-05-17T10:49:16.000Z
ngrunwallp4@who.int,movies_all,bot,2020-05-12T20:59:17.000Z
chembrowp5@reddit.com,movies_delete,tv,2020-05-26T14:13:01.000Z
akeinratp6@blogger.com,movies_count,car,2020-04-12T06:50:24.000Z
fgadsbyp7@vistaprint.com,movies_update,desktop,2020-05-19T01:58:39.000Z
cleblondp8@gravatar.com,movies_all,car,2020-05-27T13:45:48.000Z
pconyerp9@google.com.hk,movies_delete,bot,2020-04-29T02:03:04.000Z
cgoodbournpa@vimeo.com,movies_count,desktop,2020-05-30T11:03:45.000Z
elanferpb@un.org,movies_all,tv,2020-05-15T13:26:51.000Z
kfripppc@4shared.com,movies_all,desktop,2020-04-04T01:05:14.000Z
mmoncurpd@theatlantic.com,movies_delete,tv,2020-05-14T01:04:35.000Z
smayowpe@jalbum.net,movies_count,bot,2020-04-03T22:41:57.000Z
apetranekpf@wix.com,movies_delete,phone,2020-04-27T01:08:25.000Z
fnoldapg@utexas.edu,movies_all,bot,2020-04-22T11:02:25.000Z
jhacquardph@dyndns.org,movies_delete,desktop,2020-05-03T12:50:22.000Z
lrubiepi@ibm.com,movies_all,bot,2020-04-27T00:28:26.000Z
rkeydenpj@ustream.tv,movies_update,tv,2020-05-11T14:38:26.000Z
bmackisonpk@independent.co.uk,movies_all,tv,2020-04-04T21:08:27.000Z
cmassimopl@free.fr,movies_update,phone,2020-05-24T06:47:56.000Z
escrowbypm@opera.com,movies_add,tablet,2020-05-24T07:09:12.000Z
jwilsteadpn@bloglines.com,movies_count,tv,2020-05-05T20:04:53.000Z
sbalasinpo@github.io,movies_all,bot,2020-05-27T21:16:12.000Z
ltessingtonpp@ocn.ne.jp,movies_delete,desktop,2020-05-15T21:24:16.000Z
pleckiepq@t-online.de,movies_count,phone,2020-04-10T18:16:12.000Z
aportailpr@google.com.br,movies_delete,car,2020-05-05T16:33:15.000Z
bfolleyps@odnoklassniki.ru,movies_delete,tablet,2020-05-08T11:28:19.000Z
eleithpt@mashable.com,movies_add,car,2020-05-01T15:57:51.000Z
acrackelpu@sourceforge.net,movies_count,tv,2020-05-06T08:26:57.000Z
gglantonpv@tuttocitta.it,movies_update,phone,2020-04-21T14:27:47.000Z
wcreeberpw@live.com,movies_update,tablet,2020-05-05T00:35:39.000Z
eplaxtonpx@google.com,movies_update,tv,2020-04-06T22:42:19.000Z
fchingedehalspy@imgur.com,movies_delete,desktop,2020-05-14T08:45:35.000Z
rmawbypz@vkontakte.ru,movies_count,tv,2020-04-26T03:34:24.000Z
ctrevaskisq0@bandcamp.com,movies_delete,bot,2020-04-20T14:58:30.000Z
kbossinghamq1@abc.net.au,movies_all,car,2020-05-29T17:02:10.000Z
vwhopplesq2@google.com.br,movies_all,phone,2020-04-20T05:15:24.000Z
nkerryq3@engadget.com,movies_update,car,2020-04-09T03:06:00.000Z
aglanesterq4@indiegogo.com,movies_all,tablet,2020-05-05T05:46:35.000Z
hkubatq5@issuu.com,movies_all,desktop,2020-04-03T13:59:40.000Z
lpertonq6@hao123.com,movies_get,desktop,2020-04-02T05:57:43.000Z
oballardq7@bigcartel.com,movies_get,tv,2020-04-23T23:35:29.000Z
eshurvilleq8@usda.gov,movies_add,tablet,2020-04-14T16:53:41.000Z
sgreigq9@jalbum.net,movies_delete,desktop,2020-04-23T22:13:02.000Z
lcullipqa@foxnews.com,movies_update,desktop,2020-05-25T11:29:21.000Z
hguyotqb@marketwatch.com,movies_add,desktop,2020-04-20T09:24:08.000Z
jwathallqc@taobao.com,movies_count,tv,2020-05-06T19:08:59.000Z
rterrellyqd@amazon.com,movies_all,phone,2020-05-08T23:24:12.000Z
nbierlingqe@opensource.org,movies_delete,tablet,2020-05-01T01:32:47.000Z
tfilippozziqf@mlb.com,movies_all,tv,2020-05-11T18:31:43.000Z
dciepluchqg@privacy.gov.au,movies_delete,phone,2020-04-21T23:50:53.000Z
mstoreyqh@list-manage.com,movies_all,tv,2020-04-25T18:43:17.000Z
pdunbobbinqi@uiuc.edu,movies_add,bot,2020-05-25T08:04:10.000Z
ccoytesqj@plala.or.jp,movies_count,phone,2020-04-04T12:21:11.000Z
mlummasanaqk@sfgate.com,movies_add,desktop,2020-04-14T13:59:35.000Z
sbassfordql@digg.com,movies_all,tv,2020-04-24T15:47:22.000Z
gscottsqm@cafepress.com,movies_count,tv,2020-05-04T22:22:11.000Z
drutgersqn@tiny.cc,movies_add,desktop,2020-05-13T01:32:06.000Z
dmckagueqo@gmpg.org,movies_all,bot,2020-05-06T21:44:19.000Z
jstudholmeqp@tumblr.com,movies_update,phone,2020-04-26T09:33:37.000Z
dminifieqq@umn.edu,movies_add,tablet,2020-04-25T10:00:50.000Z
tcasarinoqr@pen.io,movies_all,tv,2020-04-28T12:56:50.000Z
msloperqs@opensource.org,movies_count,tablet,2020-05-15T03:56:22.000Z
ajacopqt@stumbleupon.com,movies_delete,phone,2020-04-27T11:55:15.000Z
imarjanovicqu@ft.com,movies_count,car,2020-05-24T04:44:29.000Z
dderbyshireqv@is.gd,movies_all,phone,2020-04-13T04:21:39.000Z
cmudieqw@tiny.cc,movies_all,desktop,2020-04-01T13:47:29.000Z
cregelousqx@goodreads.com,movies_update,tablet,2020-04-13T07:10:08.000Z
rcoronaqy@smh.com.au,movies_count,tv,2020-04-15T23:33:45.000Z
mlemmeqz@google.com.hk,movies_update,desktop,2020-05-29T13:36:55.000Z
lcouronner0@washington.edu,movies_update,car,2020-04-11T21:42:00.000Z
hshureyr1@ted.com,movies_count,car,2020-04-11T18:48:54.000Z
augonir2@geocities.jp,movies_delete,tablet,2020-04-14T13:51:35.000Z
cscudr3@constantcontact.com,movies_update,desktop,2020-05-28T10:10:36.000Z
mkingcottr4@ucoz.com,movies_get,tv,2020-05-09T02:42:51.000Z
grickertr5@odnoklassniki.ru,movies_get,desktop,2020-05-12T15:28:55.000Z
mitzhayekr6@github.io,movies_all,bot,2020-05-01T11:43:17.000Z
ejanikowskir7@omniture.com,movies_update,tablet,2020-04-27T13:37:26.000Z
nnaryr8@drupal.org,movies_count,tv,2020-05-20T16:21:20.000Z
lglisonr9@arizona.edu,movies_get,desktop,2020-04-12T01:52:35.000Z
rphelipsra@abc.net.au,movies_update,tablet,2020-05-16T08:07:16.000Z
slamanbyrb@google.co.jp,movies_get,tv,2020-04-11T05:29:10.000Z
tlazarusrc@gizmodo.com,movies_count,car,2020-05-16T12:42:59.000Z
epiegromerd@jugem.jp,movies_add,tablet,2020-05-22T16:58:21.000Z
ilindholmre@google.cn,movies_add,phone,2020-05-05T09:03:33.000Z
kcicchellirf@woothemes.com,movies_add,tablet,2020-04-08T03:40:54.000Z
bpiattorg@facebook.com,movies_all,tv,2020-05-25T02:34:16.000Z
bdennerlyrh@theglobeandmail.com,movies_count,bot,2020-04-27T13:55:51.000Z
mectorri@lulu.com,movies_count,tv,2020-04-07T06:17:53.000Z
ckellarrj@example.com,movies_add,tv,2020-04-02T18:18:22.000Z
evurleyrk@wikispaces.com,movies_delete,tablet,2020-04-11T14:30:04.000Z
dbrazilrl@i2i.jp,movies_add,car,2020-04-06T01:56:13.000Z
amiddlewickrm@mlb.com,movies_update,tv,2020-05-13T09:49:28.000Z
mmacbethrn@ow.ly,movies_all,car,2020-05-18T11:31:04.000Z
bcrowro@usa.gov,movies_all,tv,2020-04-09T09:44:12.000Z
ugiddinsrp@economist.com,movies_delete,tablet,2020-04-10T00:06:00.000Z
cpaddierq@netvibes.com,movies_get,tv,2020-05-02T08:59:44.000Z
rgillingwaterrr@springer.com,movies_get,desktop,2020-05-07T12:54:46.000Z
